id,name,county_id
1,Aba,6
2,Abádszalók,10
3,Abaliget,2
4,Abasár,9
5,Abaújalpár,4
6,Abaújkér,4
7,Abaújlak,4
8,Abaújszántó,4
9,Abaújszolnok,4
10,Abaújvár,4
11,Abda,7
12,Abod,4
13,Abony,13
14,Ábrahámhegy,18
15,Ács,11
16,Acsa,13
17,Acsád,17
18,Acsalag,7
19,Ácsteszér,11
20,Adács,9
21,Ádánd,14
22,Adásztevel,18
23,Adony,6
24,Adorjánháza,18
25,Adorjás,2
26,Ág,2
27,Ágasegyháza,1
28,Ágfalva,7
29,Aggtelek,4
30,Agyagosszergény,7
31,Ajak,15
32,Ajka,18
33,Aka,11
34,Akasztó,1
35,Alacska,4
36,Alap,6
37,Alattyán,10
38,Albertirsa,13
39,Alcsútdoboz,6
40,Aldebr?,9
41,Algy?,5
42,Alibánfa,19
43,Almamellék,2
44,Almásfüzit?,11
45,Almásháza,19
46,Almáskamarás,3
47,Almáskeresztúr,2
48,Álmosd,8
49,Alsóberecki,4
50,Alsóbogát,14
51,Alsódobsza,4
52,Alsógagy,4
53,Alsómocsolád,2
54,Alsónána,16
55,Alsónémedi,13
56,Alsónemesapáti,19
57,Alsónyék,16
58,Alsóörs,18
59,Alsópáhok,19
60,Alsópetény,12
61,Alsórajk,19
62,Alsóregmec,4
63,Alsószenterzsébet,19
64,Alsószentiván,6
65,Alsószentmárton,2
66,Alsószölnök,17
67,Alsószuha,4
68,Alsótelekes,4
69,Alsótold,12
70,Alsóújlak,17
71,Alsóvadász,4
72,Alsózsolca,4
73,Ambrózfalva,5
74,Anarcs,15
75,Andocs,14
76,Andornaktálya,9
77,Andrásfa,17
78,Annavölgy,11
79,Apácatorna,18
80,Apagy,15
81,Apaj,13
82,Aparhant,16
83,Apátfalva,5
84,Apátistvánfalva,17
85,Apátvarasd,2
86,Apc,9
87,Áporka,13
88,Apostag,1
89,Aranyosapáti,15
90,Aranyosgadány,2
91,Arka,4
92,Arló,4
93,Arnót,4
94,Árokt?,4
95,Árpádhalom,5
96,Árpás,7
97,Ártánd,8
98,Ásotthalom,5
99,Ásványráró,7
100,Aszaló,4
101,Aszód,13
102,Aszóf?,18
103,Áta,2
104,Átány,9
105,Atkár,9
106,Attala,16
107,Babarc,2
108,Babarcsz?l?s,2
109,Babócsa,14
110,Bábolna,11
111,Bábonymegyer,14
112,Babosdöbréte,19
113,Babót,7
114,Bácsalmás,1
115,Bácsbokod,1
116,Bácsborsód,1
117,Bácsszentgyörgy,1
118,Bácssz?l?s,1
119,Badacsonytomaj,18
120,Badacsonytördemic,18
121,Bag,13
122,Bagamér,8
123,Baglad,19
124,Bagod,19
125,Bágyogszovát,7
126,Baj,11
127,Baja,1
128,Bajánsenye,17
129,Bajna,11
130,Bajót,11
131,Bak,19
132,Bakháza,14
133,Bakóca,2
134,Bakonszeg,8
135,Bakonya,2
136,Bakonybánk,11
137,Bakonybél,18
138,Bakonycsernye,6
139,Bakonygyirót,18
140,Bakonyjákó,18
141,Bakonykoppány,18
142,Bakonykúti,6
143,Bakonynána,18
144,Bakonyoszlop,18
145,Bakonypéterd,7
146,Bakonypölöske,18
147,Bakonyság,18
148,Bakonysárkány,11
149,Bakonyszentiván,18
150,Bakonyszentkirály,18
151,Bakonyszentlászló,18
152,Bakonyszombathely,11
153,Bakonyszücs,18
154,Bakonytamási,18
155,Baks,5
156,Baksa,2
157,Baktakék,4
158,Baktalórántháza,15
159,Baktüttös,19
160,Balajt,4
161,Balassagyarmat,12
162,Balástya,5
163,Balaton,9
164,Balatonakali,18
165,Balatonalmádi,18
166,Balatonberény,14
167,Balatonboglár,14
168,Balatoncsicsó,18
169,Balatonederics,18
170,Balatonendréd,14
171,Balatonfenyves,14
172,Balatonf?kajár,18
173,Balatonföldvár,14
174,Balatonfüred,18
175,Balatonf?zf?,18
176,Balatongyörök,19
177,Balatonhenye,18
178,Balatonkenese,18
179,Balatonkeresztúr,14
180,Balatonlelle,14
181,Balatonmagyaród,19
182,Balatonmáriafürd?,14
183,Balaton?szöd,14
184,Balatonrendes,18
185,Balatonszabadi,14
186,Balatonszárszó,14
187,Balatonszemes,14
188,Balatonszentgyörgy,14
189,Balatonszepezd,18
190,Balatonsz?l?s,18
191,Balatonudvari,18
192,Balatonújlak,14
193,Balatonvilágos,18
194,Balinka,6
195,Balkány,15
196,Ballószög,1
197,Balmazújváros,8
198,Balogunyom,17
199,Balotaszállás,1
200,Balsa,15
201,Bálványos,14
202,Bana,11
203,Bánd,18
204,Bánfa,2
205,Bánhorváti,4
206,Bánk,12
207,Bánokszentgyörgy,19
208,Bánréve,4
209,Bár,2
210,Barabás,15
211,Baracs,6
212,Baracska,6
213,Báránd,8
214,Baranyahidvég,2
215,Baranyajen?,2
216,Baranyaszentgyörgy,2
217,Barbacs,7
218,Barcs,14
219,Bárdudvarnok,14
220,Barlahida,19
221,Bárna,12
222,Barnag,18
223,Bársonyos,11
224,Basal,2
225,Baskó,4
226,Báta,16
227,Bátaapáti,16
228,Bátaszék,16
229,Baté,14
230,Bátmonostor,1
231,Bátonyterenye,12
232,Bátor,9
233,Bátorliget,15
234,Battonya,3
235,Bátya,1
236,Batyk,19
237,Bázakerettye,19
238,Bazsi,18
239,Béb,18
240,Becsehely,19
241,Becske,12
242,Becskeháza,4
243,Becsvölgye,19
244,Bedegkér,14
245,Bed?,8
246,Bejcgyertyános,17
247,Békás,18
248,Bekecs,4
249,Békés,3
250,Békéscsaba,3
251,Békéssámson,3
252,Békésszentandrás,3
253,Bekölce,9
254,Bélapátfalva,9
255,Bélavár,14
256,Belecska,16
257,Beled,7
258,Beleg,14
259,Belezna,19
260,Bélmegyer,3
261,Beloiannisz,6
262,Bels?sárd,19
263,Belvárdgyula,2
264,Benk,15
265,Bénye,13
266,Bér,12
267,Bérbaltavár,17
268,Bercel,12
269,Beregdaróc,15
270,Beregsurány,15
271,Berekböszörmény,8
272,Berekfürd?,10
273,Beremend,2
274,Berente,4
275,Beret,4
276,Berettyóújfalu,8
277,Berhida,18
278,Berkenye,12
279,Berkesd,2
280,Berkesz,15
281,Bernecebaráti,13
282,Berzék,4
283,Berzence,14
284,Besence,2
285,Beseny?d,15
286,Beseny?telek,9
287,Besenyszög,10
288,Besny?,6
289,Beszterec,15
290,Bezedek,2
291,Bezenye,7
292,Bezeréd,19
293,Bezi,7
294,Biatorbágy,13
295,Bicsérd,2
296,Bicske,6
297,Bihardancsháza,8
298,Biharkeresztes,8
299,Biharnagybajom,8
300,Bihartorda,8
301,Biharugra,3
302,Bikács,16
303,Bikal,2
304,Biri,15
305,Birján,2
306,Bisse,2
307,B?,17
308,Boba,19
309,Bocfölde,9
310,Boconád,1
311,B?cs,19
312,Bócsa,8
313,Bocska,2
314,Bocskaikert,6
315,Boda,6
316,Bodajk,2
317,Böde,7
318,Bödeháza,9
319,Bodmér,18
320,Bodolyabér,14
321,Bodonhely,4
322,Bodony,4
323,Bodorfa,4
324,Bodrog,4
325,Bodroghalom,4
326,Bodrogkeresztúr,4
327,Bodrogkisfalud,4
328,Bodrogolaszi,4
329,Bódvalenke,2
330,Bódvarákó,2
331,Bódvaszilas,2
332,Bogács,16
333,Bogád,7
334,Bogádmindszent,8
335,Bogdása,19
336,Bögöt,11
337,Bögöte,12
338,Bogyiszló,9
339,Bogyoszló,2
340,Böhönye,4
341,Bojt,4
342,Bókaháza,4
343,Bokod,14
344,Bököny,14
345,Bokor,2
346,Bölcske,19
347,Boldog,14
348,Boldogasszonyfa,16
349,Boldogk?újfalu,16
350,Boldogk?váralja,16
351,Boldva,5
352,Bolhás,17
353,Bolhó,2
354,Bóly,1
355,Boncodfölde,19
356,Bonnya,4
357,B?ny,4
358,Bonyhád,4
359,Bonyhádvarasd,4
360,Börcs,4
361,Bordány,4
362,Borgáta,12
363,Borjád,18
364,Borota,18
365,Borsfa,2
366,Borsodbóta,15
367,Borsodgeszt,2
368,Borsodivánka,17
369,Borsodnádasd,17
370,Borsodszentgyörgy,17
371,Borsodszirák,4
372,Borsosberény,19
373,Borszörcsök,19
374,Borzavár,17
375,Börzönce,17
376,B?sárkány,14
377,Bosta,15
378,B?szénfa,16
379,Botpalád,7
380,Botykapeterd,7
381,Bozsok,19
382,Bózsva,7
383,Bozzai,14
384,Bucsa,3
385,Bucsu,17
386,Bucsuszentlászló,19
387,Bucsuta,19
388,Budajen?,13
389,Budakalász,13
390,Budakeszi,13
391,Budaörs,13
392,Budapest,
393,Bugac,1
394,Bugacpusztaháza,1
395,Bugyi,13
396,Buj,15
397,Buják,12
398,Bük,14
399,Bükkábrány,17
400,Bükkaranyos,4
401,Bükkmogyorósd,4
402,Bükkösd,4
403,Bükkszék,2
404,Bükkszenterzsébet,9
405,Bükkszentkereszt,9
406,Bükkszentmárton,4
407,Bükkzsérc,9
408,Bürüs,4
409,Büssü,2
410,Büttös,14
411,Buzsák,4
412,Cák,17
413,Cakóháza,7
414,Cece,6
415,Cégénydányád,15
416,Cegléd,13
417,Ceglédbercel,13
418,Celldömölk,17
419,Cered,12
420,Chernelházadamonya,17
421,Cibakháza,10
422,Cigánd,4
423,Cikó,16
424,Cirák,7
425,Csabacs?d,3
426,Csabaszabadi,3
427,Csabdi,6
428,Csabrendek,18
429,Csáfordjánosfa,7
430,Csaholc,15
431,Csajág,18
432,Csákány,14
433,Csákánydoroszló,17
434,Csákberény,6
435,Csákvár,6
436,Csanádalberti,5
437,Csanádapáca,3
438,Csanádpalota,5
439,Csánig,17
440,Csány,9
441,Csányoszró,2
442,Csanytelek,5
443,Csapi,19
444,Csapod,7
445,Csárdaszállás,3
446,Csarnóta,2
447,Csaroda,15
448,Császár,11
449,Császártöltés,1
450,Császló,15
451,Csátalja,1
452,Csatár,19
453,Csataszög,10
454,Csatka,11
455,Csávoly,1
456,Csebény,2
457,Csécse,12
458,Csegöld,15
459,Csehbánya,18
460,Csehi,17
461,Csehimindszent,17
462,Csém,11
463,Csem?,13
464,Csempeszkopács,17
465,Csengele,5
466,Csenger,15
467,Csengersima,15
468,Csengerújfalu,15
469,Cseng?d,1
470,Csénye,17
471,Csenyéte,4
472,Csép,11
473,Csépa,10
474,Csepreg,17
475,Csér,7
476,Cserdi,2
477,Cserénfa,14
478,Cserépfalu,4
479,Cserépváralja,4
480,Cserháthaláp,12
481,Cserhátsurány,12
482,Cserhátszentiván,12
483,Cserkesz?l?,10
484,Cserkút,2
485,Csernely,4
486,Cserszegtomaj,19
487,Csertalakos,19
488,Csert?,2
489,Csesznek,18
490,Csesztreg,19
491,Csesztve,12
492,Csetény,18
493,Csévharaszt,13
494,Csibrák,16
495,Csikéria,1
496,Csikóst?tt?s,16
497,Csikvánd,7
498,Csincse,4
499,Csipkerek,17
500,Csitár,12
501,Csobád,4
502,Csobaj,4
503,Csobánka,13
504,Csöde,6
505,Csögle,14
506,Csókak?,4
507,Csökm?,11
508,Csököly,1
509,Csokonyavisonta,14
510,Csokvaomány,13
511,Csolnok,14
512,Csólyospálos,5
513,Csoma,5
514,Csomád,19
515,Csombárd,2
516,Csömend,18
517,Csömödér,6
518,Csömör,7
519,Csönge,3
520,Csongrád,18
521,Csonkahegyhát,18
522,Csonkamindszent,8
523,Csopak,14
524,Csór,14
525,Csorna,19
526,Csörnyeföld,13
527,Csörötnek,17
528,Csorvás,19
529,Cs?sz,17
530,Csót,6
531,Cs?vár,13
532,Csurgó,14
533,Csurgónagymarton,14
534,Cún,2
535,Dabas,13
536,Dabronc,18
537,Dabrony,18
538,Dad,11
539,Dág,11
540,Dáka,18
541,Dalmand,16
542,Damak,4
543,Dámóc,4
544,Dánszentmiklós,13
545,Dány,13
546,Daraboshegy,17
547,Darány,14
548,Darnó,15
549,Darnózseli,7
550,Darvas,8
551,Dávod,1
552,Debercsény,12
553,Debrecen,8
554,Debréte,4
555,Decs,16
556,Dédestapolcsány,4
557,Dég,6
558,Dejtár,12
559,Délegyháza,13
560,Demecser,15
561,Demjén,9
562,Dencsháza,2
563,Dénesfa,7
564,Derecske,8
565,Derekegyház,5
566,Deszk,5
567,Detek,4
568,Detk,9
569,Dévaványa,3
570,Devecser,18
571,Dinnyeberki,2
572,Diósberény,16
573,Diósd,13
574,Diósjen?,12
575,Dióskál,19
576,Diósviszló,2
577,Doba,18
578,Döbörhegy,3
579,Doboz,19
580,Dobri,19
581,Döbröce,5
582,Döbrököz,4
583,Dobronhegy,5
584,Döbrönte,3
585,Dóc,3
586,Döge,16
587,Domaháza,15
588,Domaszék,13
589,Dombegyház,9
590,Dombiratos,9
591,Dombóvár,11
592,Dombrád,12
593,Domony,17
594,Dömös,17
595,Domoszló,19
596,Dömsöd,16
597,Dör,18
598,Dörgicse,15
599,Dormánd,11
600,Dorog,13
601,Dorogháza,7
602,Döröske,18
603,Dötk,17
604,Dövény,19
605,Dozmat,4
606,Drágszél,1
607,Drávacsehi,2
608,Drávacsepely,2
609,Drávafok,2
610,Drávagárdony,14
611,Drávaiványi,2
612,Drávakeresztúr,2
613,Drávapalkonya,2
614,Drávapiski,2
615,Drávaszabolcs,2
616,Drávaszerdahely,2
617,Drávasztára,2
618,Drávatamási,14
619,Drégelypalánk,12
620,Dubicsány,4
621,Dudar,18
622,Duka,17
623,Dunaalmás,11
624,Dunabogdány,13
625,Dunaegyháza,1
626,Dunafalva,1
627,Dunaföldvár,16
628,Dunaharaszti,13
629,Dunakeszi,13
630,Dunakiliti,7
631,Dunapataj,1
632,Dunaremete,7
633,Dunaszeg,7
634,Dunaszekcs?,2
635,Dunaszentbenedek,1
636,Dunaszentgyörgy,16
637,Dunaszentmiklós,11
638,Dunaszentpál,7
639,Dunasziget,7
640,Dunatetétlen,1
641,Dunaújváros,6
642,Dunavarsány,13
643,Dunavecse,1
644,Dusnok,1
645,Dúzs,16
646,Eberg?c,7
647,Ebes,8
648,Écs,7
649,Ecséd,9
650,Ecseg,12
651,Ecsegfalva,3
652,Ecseny,14
653,Ecser,13
654,Edde,14
655,Edelény,4
656,Edve,7
657,Eger,9
658,Egerág,2
659,Egeralja,18
660,Egeraracsa,19
661,Egerbakta,9
662,Egerbocs,9
663,Egercsehi,9
664,Egerfarmos,9
665,Egerlöv?,4
666,Egerszalók,9
667,Égerszög,9
668,Egerszólát,4
669,Egervár,19
670,Egervölgy,17
671,Egyed,7
672,Egyek,8
673,Egyházasdengeleg,12
674,Egyházasfalu,7
675,Egyházasgerge,12
676,Egyházasharaszti,2
677,Egyházashetye,17
678,Egyházashollós,17
679,Egyházaskesz?,18
680,Egyházaskozár,2
681,Egyházasrádóc,17
682,Elek,3
683,Ellend,2
684,El?szállás,6
685,Em?d,4
686,Encs,4
687,Encsencs,15
688,Endrefalva,12
689,Endr?c,2
690,Enese,7
691,Enying,6
692,Eperjes,5
693,Eperjeske,15
694,Eplény,18
695,Epöl,11
696,Ercsi,6
697,Érd,13
698,Erd?bénye,4
699,Erd?horváti,4
700,Erd?kertes,13
701,Erd?kövesd,9
702,Erd?kürt,12
703,Erd?smárok,2
704,Erd?smecske,2
705,Erd?tarcsa,12
706,Erd?telek,9
707,Erk,9
708,Érpatak,15
709,Érsekcsanád,1
710,Érsekhalma,1
711,Érsekvadkert,12
712,Értény,16
713,Erzsébet,2
714,Esztár,8
715,Eszteregnye,19
716,Esztergályhorváti,19
717,Esztergom,11
718,Ete,11
719,Etes,12
720,Etyek,6
721,Fábiánháza,15
722,Fábiánsebestyén,5
723,Fácánkert,16
724,Fadd,16
725,Fáj,4
726,Fajsz,1
727,Fancsal,4
728,Farád,7
729,Farkasgyep?,18
730,Farkaslyuk,4
731,Farmos,13
732,Fazekasboda,2
733,Fedémes,9
734,Fegyvernek,10
735,Fehérgyarmat,15
736,Fehértó,7
737,Fehérvárcsurgó,6
738,Feked,2
739,Feketeerd?,7
740,Felcsút,6
741,Feldebr?,9
742,Felgy?,5
743,Felpéc,7
744,Fels?berecki,4
745,Fels?csatár,17
746,Fels?dobsza,4
747,Fels?egerszeg,2
748,Fels?gagy,4
749,Fels?jánosfa,17
750,Fels?kelecsény,4
751,Fels?lajos,1
752,Fels?marác,17
753,Fels?mocsolád,14
754,Fels?nána,16
755,Fels?nyárád,4
756,Fels?nyék,16
757,Fels?örs,18
758,Fels?páhok,19
759,Fels?pakony,13
760,Fels?petény,12
761,Fels?rajk,19
762,Fels?regmec,4
763,Fels?szenterzsébet,19
764,Fels?szentiván,1
765,Fels?szentmárton,2
766,Fels?szölnök,17
767,Fels?tárkány,9
768,Fels?telekes,4
769,Fels?told,12
770,Fels?vadász,4
771,Fels?zsolca,4
772,Fényeslitke,15
773,Feny?f?,18
774,Ferencszállás,5
775,Fert?boz,7
776,Fert?d,7
777,Fert?endréd,7
778,Fert?homok,7
779,Fert?rákos,7
780,Fert?szentmiklós,7
781,Fert?széplak,7
782,Fiad,14
783,Filkeháza,4
784,Fityeház,19
785,Fokt?,1
786,Földeák,8
787,Földes,14
788,Folyás,4
789,Fonó,14
790,Fony,14
791,F?nyed,5
792,Fonyód,4
793,Forráskút,5
794,Forró,8
795,Fót,14
796,Füle,4
797,Fülesd,8
798,Fulókércs,6
799,Fülöp,15
800,Fülöpháza,8
801,Fülöpjakab,1
802,Fülöpszállás,1
803,Fülpösdaróc,1
804,Fürged,15
805,Furta,16
806,Füzér,4
807,Füzérkajata,4
808,Füzérkomlós,4
809,Füzérradvány,4
810,Füzesabony,9
811,Füzesgyarmat,3
812,Füzvölgy,19
813,Gáborján,8
814,Gáborjánháza,19
815,Gacsály,15
816,Gadács,14
817,Gadány,14
818,Gadna,4
819,Gádoros,3
820,Gagyapáti,4
821,Gagybátor,4
822,Gagyvendégi,4
823,Galambok,19
824,Galgaguta,12
825,Galgagyörk,13
826,Galgahévíz,13
827,Galgamácsa,13
828,Gálosfa,14
829,Galvács,4
830,Gamás,14
831,Ganna,18
832,Gánt,6
833,Gara,1
834,Garáb,12
835,Garabonc,19
836,Garadna,4
837,Garbolc,15
838,Gárdony,6
839,Garé,2
840,Gasztony,17
841,Gátér,1
842,Gávavencsell?,15
843,Géberjén,15
844,Gecse,18
845,Géderlak,1
846,Gégény,15
847,Gelej,4
848,Gelénes,15
849,Gellénháza,19
850,Gelse,19
851,Gelsesziget,19
852,Gemzse,15
853,Gencsapáti,17
854,Gérce,17
855,Gerde,2
856,Gerendás,3
857,Gerényes,2
858,Geresdlak,2
859,Gerjen,16
860,Gersekarát,17
861,Geszt,3
862,Gesztely,4
863,Geszteréd,15
864,Gétye,19
865,Gic,18
866,Gige,14
867,Gilvánfa,2
868,Girincs,4
869,Göd,18
870,Gödöll?,13
871,Gödre,19
872,Gógánfa,2
873,Gölle,19
874,Golop,13
875,Gomba,13
876,Gombosszeg,13
877,Gömörsz?l?s,2
878,Gönc,2
879,Göncruszka,14
880,Göny?,4
881,Gór,4
882,Görbeháza,4
883,Görcsöny,7
884,Görcsönydoboka,8
885,Gordisa,2
886,Görgeteg,2
887,G?sfa,14
888,Gosztola,19
889,Grábóc,16
890,Gulács,15
891,Gutorfölde,19
892,Gyál,13
893,Gyalóka,7
894,Gyanógeregye,17
895,Gyarmat,7
896,Gyékényes,14
897,Gyenesdiás,19
898,Gyepükaján,18
899,Gyermely,11
900,Gyód,2
901,Gyomaendr?d,3
902,Gyömöre,7
903,Gyömr?,7
904,Gyöngyfa,13
905,Gyöngyös,2
906,Gyöngyösfalu,9
907,Gyöngyöshalász,17
908,Gyöngyösmellék,9
909,Gyöngyösoroszi,2
910,Gyöngyöspata,9
911,Gyöngyössolymos,9
912,Gyöngyöstarján,9
913,Gyönk,9
914,Gy?r,16
915,Gy?rasszonyfa,7
916,Györe,7
917,Györgytarló,16
918,Györköny,4
919,Gy?rladamér,16
920,Gyóró,7
921,Gy?röcske,15
922,Gy?rság,7
923,Gy?rsövényház,7
924,Gy?rszemere,7
925,Gy?rtelek,15
926,Gy?rújbarát,7
927,Gy?rújfalu,7
928,Gy?rvár,17
929,Gy?rzámoly,7
930,Gyugy,14
931,Gyügye,3
932,Gyula,3
933,Gyulaháza,16
934,Gyulaj,18
935,Gyulakeszi,6
936,Gyüre,15
937,Gyúró,15
938,Gy?r?s,19
939,Hács,14
940,Hagyárosbörönd,19
941,Hahót,19
942,Hajdúbagos,8
943,Hajdúböszörmény,8
944,Hajdúdorog,8
945,Hajdúhadház,8
946,Hajdúnánás,8
947,Hajdúsámson,8
948,Hajdúszoboszló,8
949,Hajdúszovát,8
950,Hajmás,14
951,Hajmáskér,18
952,Hajós,1
953,Halastó,17
954,Halászi,7
955,Halásztelek,13
956,Halimba,18
957,Halmaj,4
958,Halmajugra,9
959,Halogy,17
960,Hangács,4
961,Hangony,4
962,Hantos,6
963,Harasztifalu,17
964,Harc,16
965,Harka,7
966,Harkakötöny,1
967,Harkány,2
968,Háromfa,14
969,Háromhuta,4
970,Harsány,4
971,Hárskút,18
972,Harta,1
973,Hásságy,2
974,Hatvan,9
975,Hédervár,7
976,Hedrehely,14
977,Hegyesd,18
978,Hegyeshalom,7
979,Hegyfalu,17
980,Hegyháthodász,17
981,Hegyhátmaróc,2
982,Hegyhátsál,17
983,Hegyhátszentjakab,17
984,Hegyhátszentmárton,17
985,Hegyhátszentpéter,17
986,Hegyk?,7
987,Hegymagas,18
988,Hegymeg,4
989,Hegyszentmárton,2
990,Héhalom,12
991,Hejce,4
992,Hej?bába,4
993,Hej?keresztúr,4
994,Hej?kürt,4
995,Hej?papi,4
996,Hej?szalonta,4
997,Helesfa,2
998,Helvécia,1
999,Hencida,8
1000,Hencse,14
1001,Herceghalom,13
1002,Hercegkút,4
1003,Hercegszántó,1
1004,Heréd,9
1005,Héreg,11
1006,Herencsény,12
1007,Herend,18
1008,Heresznye,14
1009,Hermánszeg,15
1010,Hernád,13
1011,Hernádb?d,4
1012,Hernádcéce,4
1013,Hernádkak,4
1014,Hernádkércs,4
1015,Hernádnémeti,4
1016,Hernádpetri,4
1017,Hernádszentandrás,4
1018,Hernádszurdok,4
1019,Hernádvécse,4
1020,Hernyék,19
1021,Hét,4
1022,Hetefejércse,15
1023,Hetes,14
1024,Hetvehely,2
1025,Hetyef?,18
1026,Heves,9
1027,Hevesaranyos,9
1028,Hevesvezekény,9
1029,Hévíz,19
1030,Hévízgyörk,13
1031,Hidas,2
1032,Hidasnémeti,4
1033,Hidegkút,18
1034,Hidegség,7
1035,Hidvégardó,4
1036,Himesháza,2
1037,Himod,7
1038,Hirics,2
1039,Hobol,2
1040,Hodász,15
1041,Hódmez?vásárhely,5
1042,H?gyész,14
1043,Hollád,4
1044,Hollóháza,12
1045,Hollók?,18
1046,Homokbödöge,19
1047,Homokkomárom,1
1048,Homokmégy,14
1049,Homokszentgyörgy,2
1050,Homorúd,4
1051,Homrogd,12
1052,Hont,12
1053,Horpács,9
1054,Hort,8
1055,Hortobágy,2
1056,Horváthertelend,17
1057,Horvátlöv?,17
1058,Horvátzsidány,2
1059,Hosszúhetény,8
1060,Hosszúpályi,17
1061,Hosszúpereszteg,14
1062,Hosszúvíz,19
1063,Hosszúvölgy,18
1064,Hosztót,19
1065,Hottó,16
1066,Hövej,7
1067,Hugyag,12
1068,Hunya,3
1069,Hunyadfalva,10
1070,Husztót,2
1071,Ibafa,2
1072,Iborfia,19
1073,Ibrány,15
1074,Igal,14
1075,Igar,6
1076,Igrici,4
1077,Iharos,14
1078,Iharosberény,14
1079,Ikervár,17
1080,Iklad,13
1081,Iklanberény,17
1082,Iklódbörd?ce,19
1083,Ikrény,7
1084,Iliny,12
1085,Ilk,15
1086,Illocska,2
1087,Imola,4
1088,Imrehegy,1
1089,Ináncs,4
1090,Inárcs,13
1091,Inke,14
1092,Ipacsfa,2
1093,Ipolydamásd,13
1094,Ipolytarnóc,12
1095,Ipolytölgyes,13
1096,Ipolyvece,12
1097,Iregszemcse,16
1098,Irota,4
1099,Isaszeg,13
1100,Ispánk,17
1101,Istenmezeje,9
1102,Istvándi,14
1103,Iszkaszentgyörgy,6
1104,Iszkáz,18
1105,Isztimér,6
1106,Ivád,9
1107,Iván,7
1108,Ivánbattyán,2
1109,Ivánc,17
1110,Iváncsa,6
1111,Ivándárda,2
1112,Izmény,16
1113,Izsák,1
1114,Izsófalva,4
1115,Jágónak,16
1116,Ják,17
1117,Jakabszállás,1
1118,Jákfa,17
1119,Jákfalva,4
1120,Jákó,14
1121,Jánd,15
1122,Jánkmajtis,15
1123,Jánoshalma,1
1124,Jánosháza,17
1125,Jánoshida,10
1126,Jánossomorja,7
1127,Járdánháza,4
1128,Jármi,15
1129,Jásd,18
1130,Jászágó,10
1131,Jászalsószentgyörgy,10
1132,Jászapáti,10
1133,Jászárokszállás,10
1134,Jászberény,10
1135,Jászboldogháza,10
1136,Jászdózsa,10
1137,Jászfels?szentgyörgy,10
1138,Jászfényszaru,10
1139,Jászivány,10
1140,Jászjákóhalma,10
1141,Jászkarajen?,13
1142,Jászkisér,10
1143,Jászladány,10
1144,Jászszentandrás,10
1145,Jászszentlászló,1
1146,Jásztelek,10
1147,Jéke,15
1148,Jen?,6
1149,Jobaháza,7
1150,Jobbágyi,12
1151,Jósvaf?,4
1152,Juta,14
1153,Kaba,8
1154,Kacorlak,19
1155,Kács,4
1156,Kacsóta,2
1157,Kadarkút,14
1158,Kajárpéc,7
1159,Kajászó,6
1160,Kajdacs,16
1161,Kakasd,16
1162,Kákics,2
1163,Kakucs,13
1164,Kál,9
1165,Kalaznó,16
1166,Káld,17
1167,Kálló,12
1168,Kallósd,19
1169,Kállósemjén,15
1170,Kálmáncsa,14
1171,Kálmánháza,15
1172,Kálócfa,19
1173,Kalocsa,1
1174,Káloz,6
1175,Kám,17
1176,Kamond,18
1177,Kamut,3
1178,Kánó,4
1179,Kántorjánosi,15
1180,Kány,4
1181,Kánya,14
1182,Kányavár,19
1183,Kapolcs,18
1184,Kápolna,9
1185,Kápolnásnyék,6
1186,Kapoly,14
1187,Kaposf?,14
1188,Kaposgyarmat,14
1189,Kaposhomok,14
1190,Kaposkeresztúr,14
1191,Kaposmér?,14
1192,Kapospula,16
1193,Kaposszekcs?,16
1194,Kaposszerdahely,14
1195,Kaposújlak,14
1196,Kaposvár,14
1197,Káptalanfa,18
1198,Káptalantóti,18
1199,Kapuvár,7
1200,Kára,14
1201,Karácsond,9
1202,Karád,14
1203,Karakó,17
1204,Karakószörcsök,18
1205,Karancsalja,12
1206,Karancsberény,12
1207,Karancskeszi,12
1208,Karancslapujt?,12
1209,Karancsság,12
1210,Kárász,2
1211,Karcag,10
1212,Karcsa,4
1213,Kardos,3
1214,Kardoskút,3
1215,Karmacs,19
1216,Karos,4
1217,Kartal,13
1218,Kásád,2
1219,Kaskantyú,1
1220,Kastélyosdombó,14
1221,Kaszaper,3
1222,Kaszó,14
1223,Katádfa,2
1224,Katafa,17
1225,Kátoly,2
1226,Katymár,1
1227,Káva,13
1228,Kávás,19
1229,Kazár,12
1230,Kazincbarcika,4
1231,Kázsmárk,4
1232,Kazsok,14
1233,Kecel,1
1234,Kecskéd,11
1235,Kecskemét,1
1236,Kehidakustány,19
1237,Kék,15
1238,Kékcse,15
1239,Kéked,4
1240,Kékesd,2
1241,Kékkút,18
1242,Kelebia,1
1243,Keléd,17
1244,Kelemér,4
1245,Kéleshalom,1
1246,Kelevíz,14
1247,Kemecse,15
1248,Kemence,13
1249,Kemendollár,19
1250,Kemenesh?gyész,18
1251,Kemeneskápolna,17
1252,Kemenesmagasi,17
1253,Kemenesmihályfa,17
1254,Kemenespálfa,17
1255,Kemenessömjén,17
1256,Kemenesszentmárton,17
1257,Kemenesszentpéter,18
1258,Keménfa,19
1259,Kémes,2
1260,Kemestaródfa,17
1261,Kemse,2
1262,Kenderes,10
1263,Kenéz,17
1264,Kenézl?,4
1265,Kengyel,10
1266,Kenyeri,17
1267,Kercaszomor,17
1268,Kercseliget,14
1269,Kerecsend,9
1270,Kerecseny,19
1271,Kerekegyháza,1
1272,Kereki,14
1273,Kerékteleki,11
1274,Kerepes,13
1275,Keresztéte,4
1276,Kerkabarabás,19
1277,Kerkafalva,19
1278,Kerkakutas,19
1279,Kerkáskápolna,17
1280,Kerkaszentkirály,19
1281,Kerkateskánd,19
1282,Kérsemjén,15
1283,Kerta,18
1284,Kertészsziget,3
1285,Keszeg,12
1286,Kesznyéten,4
1287,Kesz?hidegkút,16
1288,Keszthely,19
1289,Kesztölc,11
1290,Keszü,2
1291,Kétbodony,12
1292,Kétegyháza,3
1293,Kéthely,14
1294,Kétpó,10
1295,Kétsoprony,3
1296,Kétújfalu,2
1297,Kétvölgy,17
1298,Kéty,16
1299,Kevermes,3
1300,Kilimán,19
1301,Kimle,7
1302,Kincsesbánya,6
1303,Királd,4
1304,Királyegyháza,2
1305,Királyhegyes,5
1306,Királyszentistván,18
1307,Kisapáti,18
1308,Kisapostag,6
1309,Kisar,15
1310,Kisasszond,14
1311,Kisasszonyfa,2
1312,Kisbabot,7
1313,Kisbágyon,12
1314,Kisbajcs,7
1315,Kisbajom,14
1316,Kisbárapáti,14
1317,Kisbárkány,12
1318,Kisbér,11
1319,Kisberény,14
1320,Kisberzseny,18
1321,Kisbeszterce,2
1322,Kisbodak,7
1323,Kisbucsa,19
1324,Kisbudmér,2
1325,Kiscsécs,4
1326,Kiscsehi,19
1327,Kiscs?sz,18
1328,Kisdér,2
1329,Kisdobsza,2
1330,Kisdombegyház,3
1331,Kisdorog,16
1332,Kisecset,12
1333,Kisfalud,7
1334,Kisfüzes,9
1335,Kisgörb?,19
1336,Kisgyalán,14
1337,Kisgy?r,4
1338,Kishajmás,2
1339,Kisharsány,2
1340,Kishartyán,12
1341,Kisherend,2
1342,Kishódos,15
1343,Kishuta,4
1344,Kisigmánd,11
1345,Kisjakabfalva,2
1346,Kiskassa,2
1347,Kiskinizs,4
1348,Kisköre,14
1349,Kisk?rös,9
1350,Kiskorpád,1
1351,Kiskunfélegyháza,1
1352,Kiskunhalas,1
1353,Kiskunlacháza,13
1354,Kiskunmajsa,1
1355,Kiskutas,19
1356,Kisláng,6
1357,Kisléta,15
1358,Kislippó,2
1359,Kisl?d,18
1360,Kismányok,16
1361,Kismarja,8
1362,Kismaros,13
1363,Kisnamény,15
1364,Kisnána,9
1365,Kisnémedi,13
1366,Kisnyárád,2
1367,Kisoroszi,13
1368,Kispalád,15
1369,Kispáli,19
1370,Kispirit,18
1371,Kisrákos,17
1372,Kisrécse,19
1373,Kisrozvágy,4
1374,Kissikátor,4
1375,Kissomlyó,17
1376,Kisszállás,1
1377,Kisszékely,16
1378,Kisszekeres,15
1379,Kisszentmárton,2
1380,Kissziget,19
1381,Kissz?l?s,18
1382,Kistamási,2
1383,Kistapolca,2
1384,Kistarcsa,13
1385,Kistelek,5
1386,Kistokaj,4
1387,Kistolmács,19
1388,Kistormás,16
1389,Kistótfalu,2
1390,Kisújszállás,10
1391,Kisunyom,17
1392,Kisvárda,15
1393,Kisvarsány,15
1394,Kisvásárhely,19
1395,Kisvaszar,2
1396,Kisvejke,16
1397,Kiszombor,5
1398,Kiszsidány,17
1399,Klárafalva,5
1400,Köblény,11
1401,Kocs,13
1402,Kocsér,16
1403,Köcsk,15
1404,Kocsola,13
1405,Kocsord,8
1406,Kóka,18
1407,Kokad,8
1408,Kökény,11
1409,K?kút,11
1410,Kölcse,11
1411,Kölesd,4
1412,Kölked,2
1413,Kolontár,2
1414,Komádi,15
1415,Komárom,14
1416,Komjáti,9
1417,Komló,4
1418,Köml?,3
1419,Köml?d,7
1420,Komlódtótfalu,8
1421,Komlósd,7
1422,Komlóska,16
1423,Komoró,4
1424,Kömör?,7
1425,Kömpöc,2
1426,Kompolt,13
1427,Kondó,13
1428,Kondorfa,15
1429,Kondoros,2
1430,Kóny,2
1431,Konyár,4
1432,Kópháza,12
1433,Koppányszántó,2
1434,Korlát,19
1435,Körmend,2
1436,Környe,2
1437,Köröm,14
1438,Koroncó,15
1439,Kórós,16
1440,K?röshegy,2
1441,Körösladány,9
1442,Körösnagyharsány,11
1443,Körösszakál,15
1444,Körösszegapáti,1
1445,Köröstarcsa,17
1446,K?röstetétlen,17
1447,Körösújfalu,11
1448,Kosd,4
1449,Kóspallag,14
1450,K?szárhegy,3
1451,K?szeg,3
1452,K?szegdoroszló,3
1453,K?szegpaty,13
1454,K?szegszerdahely,3
1455,Kótaj,8
1456,Kötcse,8
1457,Kötegyán,6
1458,K?telek,17
1459,Kovácshida,17
1460,Kovácsszénája,17
1461,Kovácsvágás,17
1462,K?vágóörs,14
1463,K?vágósz?l?s,3
1464,K?vágót?tt?s,10
1465,Kövegy,18
1466,Köveskál,2
1467,Kozárd,2
1468,Kozármisleny,5
1469,Kozmadombja,18
1470,Krasznokvajda,4
1471,Kübekháza,6
1472,Kulcs,1
1473,Küls?sárd,3
1474,Küls?vat,1
1475,Kunadacs,1
1476,Kunágota,10
1477,Kunbaja,1
1478,Kunbaracs,10
1479,Kuncsorba,10
1480,Kunfehértó,1
1481,Küngös,1
1482,Kunhegyes,10
1483,Kunmadaras,10
1484,Kunpeszér,1
1485,Kunszállás,7
1486,Kunszentmárton,18
1487,Kunszentmiklós,16
1488,Kunsziget,4
1489,Kup,19
1490,Kupa,14
1491,Kurd,12
1492,Kurityán,5
1493,Kustánszeg,19
1494,Kutas,18
1495,Kutasó,18
1496,Lábatlan,11
1497,Lábod,14
1498,Lácacséke,4
1499,Lad,14
1500,Ladánybene,1
1501,Ládbeseny?,4
1502,Lajoskomárom,6
1503,Lajosmizse,1
1504,Lak,4
1505,Lakhegy,19
1506,Lakitelek,1
1507,Lakócsa,14
1508,Lánycsók,2
1509,Lápaf?,16
1510,Lapáncsa,2
1511,Laskod,15
1512,Lasztonya,19
1513,Látrány,14
1514,Lázi,7
1515,Leányfalu,13
1516,Leányvár,11
1517,Lébény,7
1518,Legénd,12
1519,Legyesbénye,4
1520,Léh,4
1521,Lénárddaróc,4
1522,Lendvadedes,19
1523,Lendvajakabfa,19
1524,Lengyel,16
1525,Lengyeltóti,14
1526,Lenti,19
1527,Lepsény,6
1528,Lesencefalu,18
1529,Lesenceistvánd,18
1530,Lesencetomaj,18
1531,Létavértes,8
1532,Letenye,19
1533,Letkés,13
1534,Levél,7
1535,Levelek,15
1536,Libickozma,14
1537,Lickóvadamos,19
1538,Liget,2
1539,Ligetfalva,19
1540,Lipót,7
1541,Lippó,2
1542,Liptód,2
1543,Lispeszentadorján,19
1544,Liszó,19
1545,Litér,18
1546,Litka,4
1547,Litke,12
1548,Lócs,17
1549,L?kösháza,18
1550,Lókút,15
1551,Lónya,13
1552,Lórév,2
1553,L?rinci,18
1554,Lothárd,19
1555,Lovas,18
1556,Lovasberény,3
1557,Lovászhetény,9
1558,Lovászi,9
1559,Lovászpatona,9
1560,Löv?,7
1561,Löv?petri,15
1562,Lucfalva,12
1563,Ludányhalászi,12
1564,Ludas,9
1565,Lukácsháza,17
1566,Lulla,14
1567,Lúzsok,2
1568,Mád,4
1569,Madaras,1
1570,Madocsa,16
1571,Maglóca,7
1572,Maglód,13
1573,Mágocs,2
1574,Magosliget,15
1575,Magy,15
1576,Magyaralmás,6
1577,Magyaratád,14
1578,Magyarbánhegyes,3
1579,Magyarbóly,2
1580,Magyarcsanád,5
1581,Magyardombegyház,3
1582,Magyaregregy,2
1583,Magyaregres,14
1584,Magyarföld,19
1585,Magyargéc,12
1586,Magyargencs,18
1587,Magyarhertelend,2
1588,Magyarhomorog,8
1589,Magyarkeresztúr,7
1590,Magyarkeszi,16
1591,Magyarlak,17
1592,Magyarlukafa,2
1593,Magyarmecske,2
1594,Magyarnádalja,17
1595,Magyarnándor,12
1596,Magyarpolány,18
1597,Magyarsarlós,2
1598,Magyarszecs?d,17
1599,Magyarszék,2
1600,Magyarszentmiklós,19
1601,Magyarszerdahely,19
1602,Magyarszombatfa,17
1603,Magyartelek,2
1604,Majosháza,13
1605,Majs,2
1606,Makád,13
1607,Makkoshotyka,4
1608,Maklár,9
1609,Makó,5
1610,Malomsok,18
1611,Mályi,4
1612,Mályinka,4
1613,Mánd,15
1614,Mándok,15
1615,Mánfa,2
1616,Mány,6
1617,Maráza,2
1618,Marcalgergelyi,18
1619,Marcali,14
1620,Marcalt?,18
1621,Márfa,2
1622,Máriahalom,11
1623,Máriakálnok,7
1624,Máriakéménd,2
1625,Márianosztra,13
1626,Máriapócs,15
1627,Markaz,9
1628,Márkháza,12
1629,Márkó,18
1630,Markóc,2
1631,Markotabödöge,7
1632,Maróc,19
1633,Marócsa,2
1634,Márok,2
1635,Márokföld,19
1636,Márokpapi,15
1637,Maroslele,5
1638,Mártély,5
1639,Martf?,10
1640,Martonfa,2
1641,Martonvásár,6
1642,Martonyi,4
1643,Mátészalka,15
1644,Mátételke,1
1645,Mátraballa,9
1646,Mátraderecske,9
1647,Mátramindszent,12
1648,Mátranovák,12
1649,Mátraszele,12
1650,Mátraszentimre,9
1651,Mátrasz?l?s,12
1652,Mátraterenye,12
1653,Mátraverebély,12
1654,Matty,6
1655,Mátyásdomb,2
1656,Mátyus,15
1657,Máza,2
1658,Mecseknádasd,2
1659,Mecsekpölöske,2
1660,Mecsér,7
1661,Medgyesbodzás,3
1662,Medgyesegyháza,3
1663,Medina,16
1664,Meggyeskovácsi,17
1665,Megyaszó,4
1666,Megyehid,17
1667,Megyer,18
1668,Méhkerék,3
1669,Méhtelek,15
1670,Mekényes,2
1671,Mélykút,1
1672,Mencshely,18
1673,Mende,13
1674,Méra,4
1675,Merenye,2
1676,Mérges,7
1677,Mérk,15
1678,Mernye,14
1679,Mersevát,17
1680,Mesterháza,17
1681,Mesteri,17
1682,Mesterszállás,10
1683,Meszes,4
1684,Meszlen,17
1685,Mesztegny?,14
1686,Mez?berény,3
1687,Mez?csát,4
1688,Mez?csokonya,14
1689,Mez?d,2
1690,Mez?falva,6
1691,Mez?gyán,3
1692,Mez?hegyes,3
1693,Mez?hék,10
1694,Mez?keresztes,4
1695,Mez?komárom,6
1696,Mez?kovácsháza,3
1697,Mez?kövesd,4
1698,Mez?ladány,15
1699,Mez?lak,18
1700,Mez?nagymihály,4
1701,Mez?nyárád,4
1702,Mez?örs,7
1703,Mez?peterd,8
1704,Mez?sas,8
1705,Mez?szemere,9
1706,Mez?szentgyörgy,6
1707,Mez?szilas,6
1708,Mez?tárkány,9
1709,Mez?túr,10
1710,Mez?zombor,4
1711,Miháld,19
1712,Mihályfa,19
1713,Mihálygerge,12
1714,Mihályháza,18
1715,Mihályi,7
1716,Mike,14
1717,Mikebuda,13
1718,Mikekarácsonyfa,19
1719,Mikepércs,8
1720,Miklósi,14
1721,Mikófalva,9
1722,Mikóháza,4
1723,Mikosszéplak,17
1724,Milejszeg,19
1725,Milota,15
1726,Mindszent,5
1727,Mindszentgodisa,2
1728,Mindszentkálla,18
1729,Misefa,19
1730,Miske,1
1731,Miskolc,4
1732,Miszla,16
1733,Mocsa,11
1734,M?csény,13
1735,Mogyoród,11
1736,Mogyorósbánya,4
1737,Mogyoróska,6
1738,Moha,2
1739,Mohács,2
1740,Mohora,19
1741,Molnári,17
1742,Molnaszecs?d,2
1743,Molvány,4
1744,Monaj,4
1745,Monok,13
1746,Monor,13
1747,Mónosbél,18
1748,Monostorapáti,8
1749,Monostorpályi,18
1750,Monoszló,2
1751,Monyoród,6
1752,Mór,16
1753,Mórágy,5
1754,Mórahalom,1
1755,Móricgát,7
1756,Mórichida,14
1757,Mosdós,7
1758,Mosonmagyaróvár,7
1759,Mosonszentmiklós,7
1760,Mosonszolnok,2
1761,Mozsgó,16
1762,Mucsfa,16
1763,Mucsi,16
1764,Múcsony,4
1765,Muhi,4
1766,Murakeresztúr,19
1767,Murarátka,19
1768,Muraszemenye,19
1769,Murga,16
1770,Murony,3
1771,Nábrád,15
1772,Nadap,6
1773,Nádasd,17
1774,Nádasdladány,6
1775,Nádudvar,8
1776,Nágocs,14
1777,Nagyacsád,18
1778,Nagyalásony,18
1779,Nagyar,15
1780,Nagyatád,14
1781,Nagybajcs,7
1782,Nagybajom,14
1783,Nagybakónak,19
1784,Nagybánhegyes,3
1785,Nagybaracska,1
1786,Nagybarca,4
1787,Nagybárkány,12
1788,Nagyberény,14
1789,Nagyberki,14
1790,Nagybörzsöny,13
1791,Nagybudmér,2
1792,Nagycenk,7
1793,Nagycsány,2
1794,Nagycsécs,4
1795,Nagycsepely,14
1796,Nagycserkesz,15
1797,Nagydém,18
1798,Nagydobos,15
1799,Nagydobsza,2
1800,Nagydorog,16
1801,Nagyecsed,15
1802,Nagyér,5
1803,Nagyesztergár,18
1804,Nagyfüged,9
1805,Nagygeresd,17
1806,Nagygörb?,19
1807,Nagygyimót,18
1808,Nagyhajmás,2
1809,Nagyhalász,15
1810,Nagyharsány,2
1811,Nagyhegyes,8
1812,Nagyhódos,15
1813,Nagyhuta,4
1814,Nagyigmánd,11
1815,Nagyiván,10
1816,Nagykálló,15
1817,Nagykamarás,3
1818,Nagykanizsa,19
1819,Nagykapornak,19
1820,Nagykarácsony,6
1821,Nagykáta,13
1822,Nagykereki,8
1823,Nagykeresztúr,12
1824,Nagykinizs,4
1825,Nagykökényes,16
1826,Nagykölked,14
1827,Nagykónyi,13
1828,Nagyk?rös,2
1829,Nagykorpád,9
1830,Nagykör?,17
1831,Nagykovácsi,13
1832,Nagykozár,10
1833,Nagykutas,19
1834,Nagylak,5
1835,Nagylengyel,19
1836,Nagylóc,12
1837,Nagylók,6
1838,Nagylózs,7
1839,Nagymágocs,5
1840,Nagymányok,16
1841,Nagymaros,13
1842,Nagymizdó,17
1843,Nagynyárád,2
1844,Nagyoroszi,12
1845,Nagypáli,19
1846,Nagypall,2
1847,Nagypeterd,2
1848,Nagypirit,18
1849,Nagyrábé,8
1850,Nagyrada,19
1851,Nagyrákos,17
1852,Nagyrécse,19
1853,Nagyréde,9
1854,Nagyrév,10
1855,Nagyrozvágy,4
1856,Nagysáp,11
1857,Nagysimonyi,17
1858,Nagyszakácsi,14
1859,Nagyszékely,16
1860,Nagyszekeres,15
1861,Nagyszénás,3
1862,Nagyszentjános,7
1863,Nagyszokoly,16
1864,Nagytálya,9
1865,Nagytarcsa,13
1866,Nagytevel,18
1867,Nagytilaj,17
1868,Nagyt?ke,2
1869,Nagytótfalu,5
1870,Nagyút,9
1871,Nagyvarsány,15
1872,Nagyváty,2
1873,Nagyvázsony,18
1874,Nagyvejke,16
1875,Nagyveleg,6
1876,Nagyvenyim,6
1877,Nagyvisnyó,9
1878,Nak,16
1879,Napkor,15
1880,Nárai,17
1881,Narda,17
1882,Naszály,11
1883,Négyes,4
1884,Nekézseny,4
1885,Nemesapáti,19
1886,Nemesbikk,4
1887,Nemesb?d,15
1888,Nemesborzova,17
1889,Nemesbük,19
1890,Nemescsó,17
1891,Nemesdéd,14
1892,Nemesgörzsöny,18
1893,Nemesgulács,18
1894,Nemeshany,18
1895,Nemeshetés,19
1896,Nemeske,2
1897,Nemeskér,7
1898,Nemeskeresztúr,17
1899,Nemeskisfalud,14
1900,Nemeskocs,17
1901,Nemeskolta,17
1902,Nemesládony,17
1903,Nemesmedves,17
1904,Nemesnádudvar,1
1905,Nemesnép,19
1906,Nemespátró,19
1907,Nemesrádó,19
1908,Nemesrempehollós,17
1909,Nemessándorháza,19
1910,Nemesszalók,18
1911,Nemesszentandrás,19
1912,Nemesvámos,18
1913,Nemesvid,14
1914,Nemesvita,18
1915,Németbánya,18
1916,Németfalu,19
1917,Németkér,16
1918,Nemti,12
1919,Neszmély,11
1920,Nézsa,12
1921,Nick,17
1922,Nikla,14
1923,Nógrád,12
1924,Nógrádkövesd,12
1925,Nógrádmarcal,12
1926,Nógrádmegyer,12
1927,Nógrádsáp,12
1928,Nógrádsipek,12
1929,Nógrádszakál,12
1930,Nóráp,18
1931,Noszlop,18
1932,Noszvaj,9
1933,N?tincs,19
1934,Nova,9
1935,Novaj,4
1936,Novajidrány,12
1937,Nyalka,7
1938,Nyárád,18
1939,Nyáregyháza,13
1940,Nyárl?rinc,1
1941,Nyársapát,13
1942,Nyékládháza,4
1943,Nyergesújfalu,11
1944,Nyésta,4
1945,Nyim,14
1946,Nyírábrány,8
1947,Nyíracsád,8
1948,Nyirád,18
1949,Nyíradony,8
1950,Nyírbátor,15
1951,Nyírbéltek,15
1952,Nyírbogát,15
1953,Nyírbogdány,15
1954,Nyírcsaholy,15
1955,Nyírcsászári,15
1956,Nyírderzs,15
1957,Nyíregyháza,15
1958,Nyírgelse,15
1959,Nyírgyulaj,15
1960,Nyíri,4
1961,Nyíribrony,15
1962,Nyírjákó,15
1963,Nyírkarász,15
1964,Nyírkáta,15
1965,Nyírkércs,15
1966,Nyírlöv?,15
1967,Nyírlugos,15
1968,Nyírmada,15
1969,Nyírmártonfalva,8
1970,Nyírmeggyes,15
1971,Nyírmihálydi,15
1972,Nyírparasznya,15
1973,Nyírpazony,15
1974,Nyírpilis,15
1975,Nyírtass,15
1976,Nyírtelek,15
1977,Nyírtét,15
1978,Nyírtura,15
1979,Nyírvasvári,15
1980,Ny?gér,4
1981,Nyomár,17
1982,Nyugotszenterzsébet,2
1983,Nyúl,7
1984,Óbánya,2
1985,Óbarok,6
1986,Óbudavár,18
1987,Öcs,13
1988,Ócsa,2
1989,Ócsárd,2
1990,?csény,15
1991,Öcsöd,5
1992,Ófalu,19
1993,Ófehértó,3
1994,Óföldeák,2
1995,Óhid,2
1996,Okány,2
1997,Okorág,17
1998,Ököritófülpös,18
1999,Okorvölgy,4
2000,Olasz,15
2001,Olaszfa,15
2002,Olaszfalu,2
2003,Olaszliszka,17
2004,Ölb?,19
2005,Olcsva,4
2006,Olcsvaapáti,4
2007,Old,15
2008,Ólmod,5
2009,Oltárc,19
2010,Ömböly,14
2011,Onga,14
2012,Ónod,1
2013,Ópályi,17
2014,Ópusztaszer,2
2015,?r,1
2016,Orbányosfa,19
2017,?rbottyán,4
2018,Orci,3
2019,Ordacsehi,3
2020,Ordas,3
2021,Öregcsert?,3
2022,Öreglak,18
2023,Orfalu,11
2024,Orf?,2
2025,Orgovány,19
2026,?rhalom,19
2027,?rimagyarósd,7
2028,?riszentpéter,17
2029,Örkény,9
2030,Ormándlak,17
2031,Örményes,4
2032,Örménykút,14
2033,Ormosbánya,4
2034,Orosháza,4
2035,Oroszi,4
2036,Oroszlány,4
2037,Oroszló,4
2038,Orosztony,2
2039,Ortaháza,19
2040,?rtilos,16
2041,Örvényes,18
2042,?sagárd,16
2043,?si,10
2044,Öskü,15
2045,Osli,17
2046,Ostffyasszonyfa,15
2047,Ostoros,15
2048,Oszkó,13
2049,Oszlár,1
2050,Osztopán,14
2051,Öttevény,12
2052,Öttömös,17
2053,Ötvöskónyi,17
2054,Ózd,13
2055,Ózdfalu,7
2056,Ozmánbük,5
2057,Ozora,14
2058,Pácin,4
2059,Pacsa,19
2060,Pácsony,17
2061,Padár,19
2062,Páhi,1
2063,Páka,19
2064,Pakod,19
2065,Pákozd,6
2066,Paks,16
2067,Palé,2
2068,Pálfa,16
2069,Pálfiszeg,19
2070,Pálháza,4
2071,Páli,7
2072,Palkonya,2
2073,Pálmajor,14
2074,Pálmonostora,1
2075,Palotabozsok,2
2076,Palotás,12
2077,Paloznak,18
2078,Pamlény,4
2079,Pamuk,14
2080,Pánd,13
2081,Pankasz,17
2082,Pannonhalma,7
2083,Pányok,4
2084,Panyola,15
2085,Pap,15
2086,Pápa,18
2087,Pápadereske,18
2088,Pápakovácsi,18
2089,Pápasalamon,18
2090,Pápateszér,18
2091,Papkeszi,18
2092,Pápoc,17
2093,Papos,15
2094,Páprád,2
2095,Parád,9
2096,Parádsasvár,9
2097,Parasznya,4
2098,Paszab,15
2099,Pásztó,12
2100,Pásztori,7
2101,Pat,19
2102,Patak,12
2103,Patalom,14
2104,Patapoklosi,2
2105,Patca,14
2106,Pátka,6
2107,Patosfa,14
2108,Pátroha,15
2109,Patvarc,12
2110,Páty,13
2111,Pátyod,15
2112,Pázmánd,6
2113,Pázmándfalu,7
2114,Pécel,13
2115,Pecöl,17
2116,Pécs,2
2117,Pécsbagota,2
2118,Pécsdevecser,2
2119,Pécsely,18
2120,Pécsudvard,2
2121,Pécsvárad,2
2122,Pellérd,2
2123,Pély,9
2124,Penc,13
2125,Penészlek,15
2126,Penyige,18
2127,Pénzesgy?r,15
2128,Pér,7
2129,Perbál,13
2130,Pere,4
2131,Perecse,4
2132,Pereked,2
2133,Perenye,17
2134,Peresznye,17
2135,Pereszteg,7
2136,Perkáta,6
2137,Perkupa,4
2138,Per?csény,13
2139,Peterd,2
2140,Péterhida,14
2141,Péteri,13
2142,Pétervására,9
2143,Pétfürd?,18
2144,Peth?henye,19
2145,Petneháza,15
2146,Pet?fibánya,9
2147,Pet?fiszállás,1
2148,Pet?háza,7
2149,Pet?mihályfa,17
2150,Petrikeresztúr,19
2151,Petrivente,19
2152,Pettend,2
2153,Piliny,12
2154,Pilis,13
2155,Pilisborosjen?,13
2156,Piliscsaba,13
2157,Piliscsév,11
2158,Pilisjászfalu,13
2159,Pilismarót,11
2160,Pilisszántó,13
2161,Pilisszentiván,13
2162,Pilisszentkereszt,13
2163,Pilisszentlászló,13
2164,Pilisvörösvár,13
2165,Pincehely,16
2166,Pinkamindszent,17
2167,Pinnye,7
2168,Piricse,15
2169,Pirtó,1
2170,Piskó,2
2171,Pitvaros,5
2172,Pócsa,2
2173,Pocsaj,8
2174,Pócsmegyer,13
2175,Pócspetri,15
2176,Pogány,2
2177,Pogányszentpéter,14
2178,Pókaszepetk,19
2179,Polány,14
2180,Polgár,8
2181,Polgárdi,6
2182,Pölöske,13
2183,Pölöskef?,15
2184,Pomáz,17
2185,Pörböly,9
2186,Porcsalma,17
2187,Pördefölde,14
2188,Pornóapáti,14
2189,Poroszló,14
2190,Porpác,19
2191,Porrog,18
2192,Porrogszentkirály,17
2193,Porrogszentpál,14
2194,Pórszombat,7
2195,Porva,19
2196,Pósfa,19
2197,Potony,16
2198,Pötréte,19
2199,Potyond,19
2200,Prügy,4
2201,Pula,18
2202,Püski,19
2203,Püspökhatvan,12
2204,Püspökladány,7
2205,Püspökmolnári,17
2206,Püspökszilágy,15
2207,Pusztaapáti,19
2208,Pusztaberki,4
2209,Pusztacsalád,3
2210,Pusztacsó,16
2211,Pusztadobos,14
2212,Pusztaederics,19
2213,Pusztafalu,5
2214,Pusztaföldvár,18
2215,Pusztahencse,10
2216,Pusztakovácsi,3
2217,Pusztamagyaród,4
2218,Pusztamérges,6
2219,Pusztamiske,14
2220,Pusztamonostor,19
2221,Pusztaottlaka,5
2222,Pusztaradvány,13
2223,Pusztaszabolcs,6
2224,Pusztaszemes,13
2225,Pusztaszentlászló,4
2226,Pusztaszer,7
2227,Pusztavacs,13
2228,Pusztavám,8
2229,Pusztazámor,17
2230,Putnok,13
2231,Rábacsanak,7
2232,Rábacsécsény,7
2233,Rábagyarmat,17
2234,Rábahidvég,17
2235,Rábakecöl,7
2236,Rábapatona,7
2237,Rábapaty,17
2238,Rábapordány,7
2239,Rábasebes,7
2240,Rábaszentandrás,7
2241,Rábaszentmihály,7
2242,Rábaszentmiklós,7
2243,Rábatamási,7
2244,Rábatöttös,17
2245,Rábcakapi,7
2246,Rácalmás,6
2247,Ráckeresztúr,6
2248,Ráckeve,13
2249,Rád,13
2250,Rádfalva,2
2251,Rádóckölked,17
2252,Radostyán,4
2253,Ragály,4
2254,Rajka,7
2255,Rakaca,4
2256,Rakacaszend,4
2257,Rakamaz,15
2258,Rákóczifalva,10
2259,Rákócziújfalu,10
2260,Ráksi,14
2261,Ramocsa,19
2262,Ramocsaháza,15
2263,Rápolt,15
2264,Raposka,18
2265,Rásonysápberencs,4
2266,Rátka,4
2267,Rátót,17
2268,Ravazd,7
2269,Recsk,9
2270,Réde,11
2271,Rédics,19
2272,Regéc,4
2273,Regenye,2
2274,Regöly,16
2275,Rém,1
2276,Remetesz?l?s,13
2277,Répáshuta,4
2278,Répcelak,17
2279,Répceszemere,7
2280,Répceszentgyörgy,17
2281,Répcevis,7
2282,Resznek,19
2283,Rétalap,7
2284,Rétközberencs,15
2285,Rétság,12
2286,Révfülöp,18
2287,Révleányvár,4
2288,Rezi,19
2289,Ricse,4
2290,Rigács,18
2291,Rigyác,19
2292,Rimóc,12
2293,Rinyabeseny?,14
2294,Rinyakovácsi,14
2295,Rinyaszentkirály,14
2296,Rinyaújlak,14
2297,Rinyaújnép,14
2298,Rohod,15
2299,Röjtökmuzsaj,18
2300,Románd,12
2301,Romhány,2
2302,Romonya,2
2303,Rönök,15
2304,Röszke,9
2305,Rózsafa,7
2306,Rozsály,17
2307,Rózsaszentmárton,5
2308,Rudabánya,4
2309,Rudolftelep,4
2310,Rum,17
2311,Ruzsa,5
2312,Ságújfalu,12
2313,Ságvár,14
2314,Sajóbábony,4
2315,Sajóecseg,4
2316,Sajógalgóc,4
2317,Sajóhidvég,4
2318,Sajóivánka,4
2319,Sajókápolna,4
2320,Sajókaza,4
2321,Sajókeresztúr,4
2322,Sajólád,4
2323,Sajólászlófalva,4
2324,Sajómercse,4
2325,Sajónémeti,4
2326,Sajóörös,4
2327,Sajópálfala,4
2328,Sajópetri,4
2329,Sajópüspöki,4
2330,Sajósenye,4
2331,Sajószentpéter,4
2332,Sajószöged,4
2333,Sajóvámos,4
2334,Sajóvelezd,4
2335,Sajtoskál,17
2336,Salföld,18
2337,Salgótarján,12
2338,Salköveskút,17
2339,Salomvár,19
2340,Sály,4
2341,Sámod,2
2342,Sámsonháza,12
2343,Sand,19
2344,Sándorfalva,5
2345,Sántos,14
2346,Sáp,8
2347,Sáránd,8
2348,Sárazsadány,4
2349,Sárbogárd,6
2350,Sáregres,6
2351,Sárfimizdó,17
2352,Sárhida,19
2353,Sárisáp,11
2354,Sarkad,3
2355,Sarkadkeresztúr,3
2356,Sárkeresztes,6
2357,Sárkeresztúr,6
2358,Sárkeszi,6
2359,Sármellék,19
2360,Sárok,2
2361,Sárosd,6
2362,Sárospatak,4
2363,Sárpilis,16
2364,Sárrétudvari,8
2365,Sarród,7
2366,Sárszentágota,6
2367,Sárszentl?rinc,16
2368,Sárszentmihály,6
2369,Sarud,9
2370,Sárvár,17
2371,Sásd,2
2372,Sáska,18
2373,Sáta,4
2374,Sátoraljaújhely,4
2375,Sátorhely,2
2376,Sávoly,14
2377,Sé,17
2378,Segesd,14
2379,Sellye,2
2380,Selyeb,4
2381,Semjén,4
2382,Semjénháza,19
2383,Sénye,19
2384,Sény?,15
2385,Seregélyes,6
2386,Serényfalva,4
2387,Sérseksz?l?s,14
2388,Sikátor,18
2389,Siklós,2
2390,Siklósbodony,2
2391,Siklósnagyfalu,2
2392,Sima,4
2393,Simaság,17
2394,Simonfa,14
2395,Simontornya,16
2396,Sióagárd,16
2397,Siófok,14
2398,Siójut,14
2399,Sirok,9
2400,Sitke,17
2401,Sobor,7
2402,Söjtör,7
2403,Sokorópátka,1
2404,Solt,1
2405,Soltszentimre,1
2406,Soltvadkert,18
2407,Sóly,13
2408,Solymár,14
2409,Som,2
2410,Somberek,18
2411,Somlójen?,18
2412,Somlósz?l?s,18
2413,Somlóvásárhely,18
2414,Somlóvecse,14
2415,Somodor,14
2416,Somogyacsa,2
2417,Somogyapáti,14
2418,Somogyaracs,14
2419,Somogyaszaló,14
2420,Somogybabod,14
2421,Somogybükkösd,14
2422,Somogycsicsó,14
2423,Somogydöröcske,14
2424,Somogyegres,14
2425,Somogyfajsz,14
2426,Somogygeszti,2
2427,Somogyhárságy,2
2428,Somogyhatvan,14
2429,Somogyjád,14
2430,Somogymeggyes,14
2431,Somogysámson,14
2432,Somogysárd,14
2433,Somogysimonyi,14
2434,Somogyszentpál,14
2435,Somogyszil,14
2436,Somogyszob,14
2437,Somogytúr,14
2438,Somogyudvarhely,14
2439,Somogyvámos,14
2440,Somogyvár,2
2441,Somogyviszló,14
2442,Somogyzsitfa,15
2443,Sonkád,6
2444,Soponya,7
2445,Sopron,7
2446,Sopronhorpács,7
2447,Sopronkövesd,7
2448,Sopronnémeti,17
2449,Söpte,17
2450,Söréd,19
2451,Sorkifalud,17
2452,Sorkikápolna,12
2453,Sormás,13
2454,Sorokpolány,4
2455,Sóshartyán,2
2456,Sóskút,17
2457,Sóstófalva,19
2458,Sósvertike,17
2459,Sótony,6
2460,Sukoró,6
2461,Sükösd,2
2462,Sülysáp,11
2463,Sümeg,1
2464,Sümegcsehi,13
2465,Sümegprága,13
2466,Sumony,18
2467,Súr,19
2468,Surd,18
2469,Sütt?,11
2470,Szabadbattyán,6
2471,Szabadegyháza,6
2472,Szabadhidvég,6
2473,Szabadi,14
2474,Szabadkígyós,3
2475,Szabadszállás,1
2476,Szabadszentkirály,2
2477,Szabás,14
2478,Szabolcs,15
2479,Szabolcsbáka,15
2480,Szabolcsveresmart,15
2481,Szada,13
2482,Szágy,2
2483,Szajk,2
2484,Szajla,9
2485,Szajol,10
2486,Szakácsi,4
2487,Szakadát,16
2488,Szakáld,4
2489,Szakály,16
2490,Szakcs,16
2491,Szakmár,1
2492,Szaknyér,17
2493,Szakoly,15
2494,Szakony,7
2495,Szakonyfalu,17
2496,Szákszend,11
2497,Szalaf?,17
2498,Szalánta,2
2499,Szalapa,19
2500,Szalaszend,4
2501,Szalatnak,2
2502,Szálka,16
2503,Szalkszentmárton,1
2504,Szalmatercs,12
2505,Szalonna,4
2506,Szamosangyalos,15
2507,Szamosbecs,15
2508,Szamoskér,15
2509,Szamossályi,15
2510,Szamosszeg,15
2511,Szamostatárfalva,15
2512,Szamosújlak,15
2513,Szanda,12
2514,Szank,1
2515,Szántód,14
2516,Szany,7
2517,Szápár,18
2518,Szaporca,2
2519,Szár,6
2520,Szárász,2
2521,Szárazd,16
2522,Szárföld,7
2523,Szárliget,11
2524,Szarvas,3
2525,Szarvasgede,12
2526,Szarvaskend,17
2527,Szászberek,10
2528,Szászfa,4
2529,Szászvár,2
2530,Szatmárcseke,15
2531,Szátok,12
2532,Szatta,17
2533,Szatymaz,5
2534,Szava,2
2535,Százhalombatta,13
2536,Szebény,2
2537,Szécsénke,12
2538,Szécsény,12
2539,Szécsényfelfalu,12
2540,Szécsisziget,19
2541,Szederkény,2
2542,Szedres,16
2543,Szeged,5
2544,Szegerd?,14
2545,Szeghalom,3
2546,Szegi,4
2547,Szegilong,4
2548,Szegvár,5
2549,Székely,15
2550,Székelyszabar,2
2551,Székesfehérvár,6
2552,Székkutas,5
2553,Szekszárd,16
2554,Szeleste,17
2555,Szelevény,10
2556,Szell?,2
2557,Szemely,2
2558,Szemenye,17
2559,Szemere,4
2560,Szendehely,12
2561,Szendr?,4
2562,Szendr?lád,4
2563,Szenna,14
2564,Szenta,14
2565,Szentantalfa,18
2566,Szentbalázs,14
2567,Szentbékkálla,18
2568,Szentborbás,14
2569,Szentdénes,2
2570,Szentdomonkos,9
2571,Szente,12
2572,Szentegát,2
2573,Szentendre,13
2574,Szentes,5
2575,Szentgál,18
2576,Szentgáloskér,14
2577,Szentgotthárd,17
2578,Szentgyörgyvár,19
2579,Szentgyörgyvölgy,19
2580,Szentimrefalva,18
2581,Szentistván,4
2582,Szentistvánbaksa,4
2583,Szentjakabfa,18
2584,Szentkatalin,2
2585,Szentkirály,1
2586,Szentkirályszabadja,18
2587,Szentkozmadombja,19
2588,Szentlászló,2
2589,Szentliszló,19
2590,Szentl?rinc,2
2591,Szentl?rinckáta,13
2592,Szentmargitfalva,19
2593,Szentmártonkáta,13
2594,Szentpéterfa,17
2595,Szentpéterfölde,19
2596,Szentpéterszeg,8
2597,Szentpéterúr,19
2598,Szenyér,14
2599,Szepetnek,19
2600,Szerecseny,7
2601,Szeremle,1
2602,Szerencs,4
2603,Szerep,8
2604,Szergény,17
2605,Szigetbecse,13
2606,Szigetcsép,13
2607,Szigethalom,13
2608,Szigetmonostor,13
2609,Szigetszentmárton,13
2610,Szigetszentmiklós,13
2611,Szigetújfalu,13
2612,Szigetvár,2
2613,Szigliget,18
2614,Szihalom,9
2615,Szijártóháza,19
2616,Szikszó,4
2617,Szil,7
2618,Szilágy,2
2619,Szilaspogony,12
2620,Szilsárkány,7
2621,Szilvágy,19
2622,Szilvás,2
2623,Szilvásszentmárton,9
2624,Szilvásvárad,14
2625,Szin,4
2626,Szinpetri,4
2627,Szirák,12
2628,Szirmabeseny?,4
2629,Szob,13
2630,Sz?c,13
2631,Sz?ce,14
2632,Sz?d,10
2633,Sz?dliget,10
2634,Szögliget,17
2635,Sz?ke,17
2636,Sz?kéd,17
2637,Sz?kedencs,11
2638,Szokolya,4
2639,Szólád,11
2640,Szolnok,14
2641,Sz?l?sardó,17
2642,Sz?l?sgyörök,13
2643,Szombathely,13
2644,Szomód,2
2645,Szomolya,14
2646,Szomor,4
2647,Szörény,14
2648,Szorosad,2
2649,Szúcs,9
2650,Sz?csi,12
2651,Szügy,4
2652,Szuha,4
2653,Szuhaf?,4
2654,Szuhakálló,2
2655,Szuhogy,14
2656,Szulimán,12
2657,Szulok,9
2658,Sz?r,12
2659,Szurdokpüspöki,2
2660,Tab,14
2661,Tabajd,6
2662,Tabdi,1
2663,Táborfalva,13
2664,Tác,6
2665,Tagyon,18
2666,Tahitótfalu,13
2667,Takácsi,18
2668,Tákos,15
2669,Taksony,13
2670,Taktabáj,4
2671,Taktaharkány,4
2672,Taktakenéz,4
2673,Taktaszada,4
2674,Taliándörögd,18
2675,Tállya,4
2676,Tamási,16
2677,Tanakajd,17
2678,Táp,7
2679,Tápióbicske,13
2680,Tápiógyörgye,13
2681,Tápióság,13
2682,Tápiószecs?,13
2683,Tápiószele,13
2684,Tápiószentmárton,13
2685,Tápiósz?l?s,13
2686,Táplánszentkereszt,17
2687,Tapolca,18
2688,Tapsony,14
2689,Tápszentmiklós,7
2690,Tar,12
2691,Tarany,14
2692,Tarcal,4
2693,Tard,4
2694,Tardona,4
2695,Tardos,11
2696,Tarhos,3
2697,Tarján,11
2698,Tarjánpuszta,7
2699,Tárkány,11
2700,Tarnabod,9
2701,Tarnalelesz,9
2702,Tarnaméra,9
2703,Tarnaörs,9
2704,Tarnaszentmária,9
2705,Tarnaszentmiklós,9
2706,Tarnazsadány,9
2707,Tárnok,13
2708,Tárnokréti,7
2709,Tarpa,15
2710,Tarrós,2
2711,Táska,14
2712,Tass,1
2713,Taszár,14
2714,Tát,11
2715,Tata,11
2716,Tatabánya,11
2717,Tataháza,1
2718,Tatárszentgyörgy,13
2719,Tázlár,1
2720,Téglás,8
2721,Tékes,2
2722,Teklafalu,2
2723,Telekes,17
2724,Telekgerendás,3
2725,Teleki,14
2726,Telki,13
2727,Telkibánya,4
2728,Tengelic,16
2729,Tengeri,2
2730,Teng?d,14
2731,Tenk,9
2732,Tény?,7
2733,Tépe,8
2734,Terem,15
2735,Terény,12
2736,Tereske,12
2737,Teresztenye,4
2738,Terpes,9
2739,Tés,18
2740,Tésa,13
2741,Tésenfa,2
2742,Téseny,2
2743,Teskánd,19
2744,Tét,7
2745,Tetétlen,8
2746,Tevel,16
2747,Tibolddaróc,4
2748,Tiborszállás,15
2749,Tihany,18
2750,Tikos,14
2751,Tilaj,19
2752,Timár,15
2753,Tinnye,13
2754,Tiszaadony,15
2755,Tiszaalpár,1
2756,Tiszabábolna,4
2757,Tiszabecs,15
2758,Tiszabercel,15
2759,Tiszabezdéd,15
2760,Tiszab?,10
2761,Tiszabura,10
2762,Tiszacsécse,15
2763,Tiszacsege,8
2764,Tiszacsermely,4
2765,Tiszadada,15
2766,Tiszaderzs,10
2767,Tiszadob,15
2768,Tiszadorogma,4
2769,Tiszaeszlár,15
2770,Tiszaföldvár,10
2771,Tiszafüred,10
2772,Tiszagyenda,10
2773,Tiszagyulaháza,8
2774,Tiszaigar,10
2775,Tiszainoka,10
2776,Tiszajen?,10
2777,Tiszakanyár,15
2778,Tiszakarád,4
2779,Tiszakécske,1
2780,Tiszakerecseny,15
2781,Tiszakeszi,4
2782,Tiszakóród,15
2783,Tiszakürt,10
2784,Tiszaladány,4
2785,Tiszalök,15
2786,Tiszalúc,4
2787,Tiszamogyorós,15
2788,Tiszanagyfalu,15
2789,Tiszanána,9
2790,Tiszaörs,10
2791,Tiszapalkonya,4
2792,Tiszapüspöki,10
2793,Tiszarád,15
2794,Tiszaroff,10
2795,Tiszasas,10
2796,Tiszasüly,10
2797,Tiszaszalka,15
2798,Tiszaszentimre,10
2799,Tiszaszentmárton,15
2800,Tiszasziget,5
2801,Tiszatardos,4
2802,Tiszatarján,4
2803,Tiszatelek,15
2804,Tiszateny?,10
2805,Tiszaug,1
2806,Tiszaújváros,4
2807,Tiszavalk,4
2808,Tiszavárkony,10
2809,Tiszavasvári,15
2810,Tiszavid,15
2811,Tisztaberek,15
2812,Tivadar,15
2813,Tóalmás,13
2814,Tófalu,9
2815,Tófej,19
2816,Tóf?,2
2817,Tök,4
2818,Tokaj,11
2819,Tokod,11
2820,Tokodaltáró,17
2821,Tököl,4
2822,Tokorcs,8
2823,Tolcsva,12
2824,Told,16
2825,Tolmács,16
2826,Tolna,16
2827,Tolnanémedi,4
2828,Töltéstava,1
2829,Tomajmonostora,17
2830,Tomor,6
2831,Tömörd,19
2832,Tömörkény,2
2833,Tompa,17
2834,Tompaládony,4
2835,Tordas,4
2836,Tormafölde,4
2837,Tormás,4
2838,Tormásliget,4
2839,Tornabarakony,19
2840,Tornakápolna,4
2841,Tornanádaska,15
2842,Tornaszentandrás,17
2843,Tornaszentjakab,14
2844,Tornyiszentmiklós,10
2845,Tornyosnémeti,3
2846,Tornyospálca,2
2847,Törökbálint,19
2848,Törökkoppány,19
2849,Törökszentmiklós,14
2850,Torony,13
2851,Törtel,13
2852,Torvaj,7
2853,Tószeg,17
2854,Tótkomlós,5
2855,Tótszentgyörgy,13
2856,Tótszentmárton,14
2857,Tótszerdahely,10
2858,Töttös,10
2859,Tótújfalu,13
2860,Tótvázsony,2
2861,Trizs,4
2862,Tunyogmatolcs,15
2863,Tura,13
2864,Túristvándi,15
2865,Türje,10
2866,Túrkeve,2
2867,Túrony,15
2868,Túrricse,15
2869,Tüskevár,19
2870,Tuzsér,18
2871,Tyukod,15
2872,Udvar,2
2873,Udvari,16
2874,Ugod,18
2875,Újbarok,6
2876,Újcsanálos,4
2877,Újdombrád,15
2878,Újfehértó,15
2879,Újhartyán,13
2880,Újiráz,8
2881,Újireg,16
2882,Újkenéz,15
2883,Újkér,7
2884,Újkígyós,3
2885,Újlengyel,13
2886,Újléta,8
2887,Újl?rincfalva,9
2888,Újpetre,2
2889,Újrónaf?,7
2890,Újsolt,1
2891,Újszalonta,3
2892,Újszász,10
2893,Újszentiván,5
2894,Újszentmargita,8
2895,Újszilvás,13
2896,Újtelek,1
2897,Újtikos,8
2898,Újudvar,19
2899,Újvárfalva,14
2900,Ukk,18
2901,Üllés,7
2902,Üll?,11
2903,Und,4
2904,Úny,15
2905,Uppony,17
2906,Ura,6
2907,Uraiújfalu,13
2908,Úrhida,18
2909,Úri,15
2910,Úrkút,1
2911,Üröm,18
2912,Uszka,5
2913,Uszód,13
2914,Uzsa,13
2915,Vác,13
2916,Vácduka,13
2917,Vácegres,13
2918,Váchartyán,13
2919,Váckisújfalu,13
2920,Vácrátót,13
2921,Vácszentlászló,13
2922,Vadna,4
2923,Vadosfa,7
2924,Vág,7
2925,Vágáshuta,4
2926,Vaja,15
2927,Vajdácska,4
2928,Vajszló,2
2929,Vajta,6
2930,Vál,6
2931,Valkó,13
2932,Valkonya,19
2933,Vállaj,15
2934,Vállus,19
2935,Vámosatya,15
2936,Vámoscsalád,17
2937,Vámosgyörk,9
2938,Vámosmikola,13
2939,Vámosoroszi,15
2940,Vámospércs,8
2941,Vámosszabadi,4
2942,Vámosújfalu,7
2943,Váncsod,8
2944,Vanyarc,12
2945,Vanyola,18
2946,Várad,2
2947,Váralja,16
2948,Varászló,14
2949,Váraszó,9
2950,Várbalog,7
2951,Varbó,4
2952,Varbóc,4
2953,Várda,14
2954,Várdomb,16
2955,Várfölde,19
2956,Varga,2
2957,Várgesztes,11
2958,Várkesz?,18
2959,Várong,16
2960,Városföld,1
2961,Városl?d,18
2962,Várpalota,18
2963,Varsád,16
2964,Varsány,12
2965,Várvölgy,19
2966,Vasad,13
2967,Vasalja,17
2968,Vásárosbéc,2
2969,Vásárosdombó,2
2970,Vásárosfalu,7
2971,Vásárosmiske,17
2972,Vásárosnamény,15
2973,Vasasszonyfa,17
2974,Vasboldogasszony,19
2975,Vasegerszeg,17
2976,Vashosszúfalu,17
2977,Vaskeresztes,17
2978,Vaskút,1
2979,Vasmegyer,15
2980,Vaspör,19
2981,Vassurány,17
2982,Vászoly,18
2983,Vasszécseny,17
2984,Vasszentmihály,17
2985,Vasszilvágy,17
2986,Vasvár,17
2987,Vaszar,18
2988,Vát,17
2989,Vatta,4
2990,Vázsnok,2
2991,Vécs,9
2992,Vecsés,13
2993,Végegyháza,3
2994,Vejti,2
2995,Vékény,2
2996,Vekerd,8
2997,Velem,17
2998,Velemér,17
2999,Velence,6
3000,Velény,2
3001,Véménd,2
3002,Vének,7
3003,Vép,17
3004,Vereb,6
3005,Veresegyház,13
3006,Ver?ce,13
3007,Verpelét,9
3008,Verseg,13
3009,Versend,2
3010,Vértesacsa,6
3011,Vértesboglár,6
3012,Vérteskethely,11
3013,Vértessomló,11
3014,Vértestolna,11
3015,Vértessz?l?s,11
3016,Vése,14
3017,Veszkény,7
3018,Veszprém,18
3019,Veszprémfajsz,18
3020,Veszprémgalsa,18
3021,Veszprémvarsány,18
3022,Vészt?,3
3023,Vezseny,10
3024,Vid,18
3025,Vigántpetend,18
3026,Villány,2
3027,Villánykövesd,2
3028,Vilmány,4
3029,Vilonya,18
3030,Vilyvitány,4
3031,Vinár,18
3032,Vindornyafok,19
3033,Vindornyalak,19
3034,Vindornyasz?l?s,19
3035,Visegrád,13
3036,Visnye,14
3037,Visonta,9
3038,Viss,4
3039,Visz,14
3040,Viszák,17
3041,Viszló,4
3042,Visznek,9
3043,Vitnyéd,7
3044,Vízvár,14
3045,Vizslás,12
3046,Vizsoly,4
3047,Vokány,2
3048,Vonyarcvashegy,19
3049,Vöckönd,19
3050,Völcsej,7
3051,Vönöck,17
3052,Vöröstó,18
3053,Vörs,14
3054,Zabar,12
3055,Zádor,2
3056,Zádorfalva,4
3057,Zagyvarékas,10
3058,Zagyvaszántó,9
3059,Záhony,15
3060,Zajk,19
3061,Zajta,15
3062,Zákány,14
3063,Zákányszék,5
3064,Zala,14
3065,Zalaapáti,19
3066,Zalabaksa,19
3067,Zalabér,19
3068,Zalaboldogfa,19
3069,Zalacsány,19
3070,Zalacséb,19
3071,Zalaegerszeg,19
3072,Zalaerd?d,18
3073,Zalagyömör?,18
3074,Zalahaláp,18
3075,Zalaháshágy,19
3076,Zalaigrice,19
3077,Zalaistvánd,19
3078,Zalakaros,19
3079,Zalakomár,19
3080,Zalaköveskút,19
3081,Zalalöv?,19
3082,Zalameggyes,18
3083,Zalamerenye,19
3084,Zalasárszeg,19
3085,Zalaszabar,19
3086,Zalaszántó,19
3087,Zalaszegvár,18
3088,Zalaszentbalázs,19
3089,Zalaszentgrót,19
3090,Zalaszentgyörgy,19
3091,Zalaszentiván,19
3092,Zalaszentjakab,19
3093,Zalaszentlászló,19
3094,Zalaszentl?rinc,19
3095,Zalaszentmárton,19
3096,Zalaszentmihály,19
3097,Zalaszombatfa,19
3098,Zaláta,2
3099,Zalatárnok,19
3100,Zalaújlak,19
3101,Zalavár,19
3102,Zalavég,19
3103,Zalkod,4
3104,Zamárdi,14
3105,Zámoly,6
3106,Zánka,18
3107,Zaránk,9
3108,Závod,16
3109,Zebecke,19
3110,Zebegény,13
3111,Zemplénagárd,4
3112,Zeng?várkony,2
3113,Zichyújfalu,6
3114,Zics,14
3115,Ziliz,4
3116,Zimány,14
3117,Zirc,18
3118,Zók,2
3119,Zomba,16
3120,Zsadány,3
3121,Zsáka,8
3122,Zsámbék,13
3123,Zsámbok,13
3124,Zsana,1
3125,Zsarolyán,15
3126,Zsebeháza,7
3127,Zsédeny,17
3128,Zselickisfalud,14
3129,Zselickislak,14
3130,Zselicszentpál,14
3131,Zsennye,17
3132,Zsira,7
3133,Zsombó,5
3134,Zsujta,4
3135,Zsurk,15
3136,Zubogy,4
